Date,Price,Open,High,Low,Vol.,Change %
09/02/2025,53661,54038.25,54157.3,53580.6,77.54M,-0.63%
09/01/2025,54002.45,53658.15,54035.85,53658.15,78.04M,0.65%
08/29/2025,53655.65,53660.35,54086,53606.45,103.89M,-0.31%
08/28/2025,53820.35,54256,54382.25,53768.45,134.33M,-1.16%
08/26/2025,54450.45,54999.05,55068.9,54396.1,123.81M,-1.25%
08/25/2025,55139.3,55147.75,55306,55048.4,79.87M,-0.02%
08/22/2025,55149.4,55669.25,55745,55102.6,77.14M,-1.09%
08/21/2025,55755.45,55972.05,55993.65,55708.2,70.34M,0.10%
08/20/2025,55698.5,55751.5,55812.6,55577.35,69.08M,-0.30%
08/19/2025,55865.15,55622.3,55965.55,55608.15,89.33M,0.23%
08/18/2025,55734.9,55940.6,56156.3,55647.65,101.72M,0.71%
08/14/2025,55341.85,55102.55,55472.8,55074.3,74.19M,0.29%
08/13/2025,55181.45,55340.05,55340.05,55026.95,80.07M,0.25%
08/12/2025,55043.7,55441.1,55566.7,55001.5,74.65M,-0.84%
08/11/2025,55510.75,54999.35,55582.15,54927.55,105.18M,0.92%
08/08/2025,55004.9,55609.35,55652.6,54905.6,97.28M,-0.93%
08/07/2025,55521.15,55215.65,55614.8,54973.55,95.47M,0.20%
08/06/2025,55411.15,55329.8,55559.4,55227.7,117.60M,0.09%
08/05/2025,55360.25,55545.05,55648.15,55202.85,105.72M,-0.47%
08/04/2025,55619.35,55557.5,55752.45,55437.3,131.11M,0.00%
08/01/2025,55617.6,55897.15,56097.6,55562.1,98.89M,-0.62%
07/31/2025,55961.95,55728.15,56406.2,55547.35,182.79M,-0.34%
07/30/2025,56150.7,56310.1,56321.15,56064.55,139.65M,-0.13%
07/29/2025,56222,55881.8,56296.4,55843.25,145.11M,0.24%
07/28/2025,56084.9,56215.1,56578.4,55997.45,145.69M,-0.79%
07/25/2025,56528.9,57170.7,57170.7,56439.4,125.07M,-0.94%
07/24/2025,57066.05,57316.6,57316.6,56850.9,179.81M,-0.25%
07/23/2025,57210.45,56918.15,57249,56715.8,129.78M,0.80%
07/22/2025,56756,57253.35,57286.15,56692,132.76M,-0.35%
07/21/2025,56952.75,56558.9,56983.45,56255.7,133.66M,1.19%
07/18/2025,56283,56524.25,56705.15,56204.85,141.25M,-0.96%
07/17/2025,56828.8,57231.95,57262.85,56780.15,129.76M,-0.59%
07/16/2025,57168.95,57111.25,57276.55,56937.6,161.25M,0.28%
07/15/2025,57006.65,56709.2,57134.95,56707.8,124.58M,0.43%
07/14/2025,56765.35,56780.75,56896.3,56594.25,123.04M,0.02%
07/11/2025,56754.7,56843.45,57091.05,56607.75,95.54M,-0.35%
07/10/2025,56956,57339.75,57363.7,56886.6,102.00M,-0.45%
07/09/2025,57213.55,57199.75,57290.65,57037.9,91.11M,-0.07%
07/08/2025,57256.3,56942.55,57303.3,56923.05,105.50M,0.54%
07/07/2025,56949.2,56938.7,57152.2,56838.55,103.28M,-0.15%
07/04/2025,57031.9,56825.25,57075.1,56623.6,93.86M,0.42%
07/03/2025,56791.95,57050.4,57193.25,56764.1,149.89M,-0.36%
07/02/2025,56999.2,57558.2,57628.4,56833.8,169.59M,-0.80%
07/01/2025,57459.45,57375.8,57533.85,57150.35,283.28M,0.26%
06/30/2025,57312.75,57529.95,57614.5,57193.8,182.97M,-0.23%
06/27/2025,57443.9,57234.7,57475.4,56993.85,237.98M,0.41%
06/26/2025,57206.7,56693.55,57263.45,56558.35,176.54M,1.03%
06/25/2025,56621.15,56564.5,56681.4,56420.65,98.67M,0.28%
06/24/2025,56461.9,56529.45,56862,56276.15,132.95M,0.72%
06/23/2025,56059.35,55832.35,56233.55,55779.25,86.82M,-0.34%
06/20/2025,56252.85,55566.7,56328.2,55566.4,161.50M,1.22%
06/19/2025,55577.45,55784.85,55942.45,55475.45,131.34M,-0.45%
06/18/2025,55828.75,55544.95,55933.6,55511.8,116.39M,0.21%
06/17/2025,55714.15,55975,56067.3,55643.95,106.31M,-0.41%
06/16/2025,55944.9,55554.1,55999.85,55381.45,107.68M,0.75%
06/13/2025,55527.35,55149.3,55688,55149.3,142.01M,-0.99%
06/12/2025,56082.55,56480.9,56611.05,55968.5,135.27M,-0.67%
06/11/2025,56459.75,56639.85,56782.5,56399.4,135.26M,-0.30%
06/10/2025,56629.1,56993.9,57015.4,56564.15,145.97M,-0.37%
06/09/2025,56839.6,57049.5,57049.5,56792.7,207.48M,0.46%
06/06/2025,56578.4,55699.45,56695,55534.75,347.02M,1.47%
06/05/2025,55760.85,55806.75,56010.15,55580.45,141.28M,0.15%
06/04/2025,55676.85,55650.35,55791,55408.35,151.49M,0.14%
06/03/2025,55599.95,56104.8,56161.4,55455.8,212.81M,-0.54%
06/02/2025,55903.4,55598.25,55966.3,55400.55,211.30M,0.28%
05/30/2025,55749.7,55615.55,55813.3,55356.6,281.06M,0.37%
05/29/2025,55546.05,55571.4,55782.75,55096.45,185.73M,0.23%
05/28/2025,55417,55328.6,55521.8,55235.55,128.32M,0.12%
05/27/2025,55352.8,55458.95,55831.35,55037.85,145.38M,-0.39%
05/26/2025,55572,55534.9,55875.75,55307.5,90.84M,0.31%
05/23/2025,55398.25,54959.3,55441.3,54854.5,88.89M,0.83%
05/22/2025,54941.3,54875.9,54996.1,54576.6,148.23M,-0.24%
05/21/2025,55075.1,55060.2,55336.85,54690.8,119.46M,0.36%
05/20/2025,54877.35,55445.3,55568.35,54829.45,143.43M,-0.98%
05/19/2025,55420.7,55326.05,55695.55,55296.55,138.06M,0.12%
05/16/2025,55354.9,55276,55418.9,55170.25,136.05M,0.00%
05/15/2025,55355.6,54853.7,55490.55,54442.3,138.42M,1.01%
05/14/2025,54801.3,55008.55,55208.6,54491,145.17M,-0.25%
05/13/2025,54940.85,55233.5,55499.65,54888.5,190.04M,-0.80%
05/12/2025,55382.85,54658.75,55466.3,54558.05,199.59M,3.34%
05/09/2025,53595.25,53595.95,54054.8,53483.05,179.29M,-1.42%
05/08/2025,54365.65,54801.75,54937.25,54108,302.20M,-0.45%
05/07/2025,54610.9,54013.4,54684.3,53919.9,268.88M,0.63%
05/06/2025,54271.4,54918.25,55036.95,54172.95,198.69M,-1.18%
05/05/2025,54919.5,55065.8,55345.5,54786.5,139.41M,-0.36%
05/02/2025,55115.35,55100.95,55691.95,54994.4,154.19M,0.05%
04/30/2025,55087.15,55382.4,55478.25,54723.7,193.53M,-0.55%
04/29/2025,55391.25,55524.35,55957.75,55262.4,193.90M,-0.07%
04/28/2025,55432.8,54610.3,55577.4,54582.35,178.63M,1.41%
04/25/2025,54664.05,55233.55,55350.55,54176.45,210.77M,-0.97%
04/24/2025,55201.4,55103.9,55550.45,55088.4,233.22M,-0.30%
04/23/2025,55370.05,56097.1,56098.7,55162.5,245.52M,-0.50%
04/22/2025,55647.2,55414.3,55961.2,55243.55,276.88M,0.62%
04/21/2025,55304.5,54891.25,55461.65,54674.95,267.37M,1.87%
04/17/2025,54290.2,53153.75,54407.2,53084.9,294.95M,2.21%
04/16/2025,53117.75,52690.9,53164.45,52471.35,200.50M,1.41%
04/15/2025,52379.5,52299,52486.35,51863.3,203.76M,2.70%
04/11/2025,51002.35,50634.1,51244.7,50634.1,139.97M,1.52%
04/09/2025,50240.15,50487.1,50496.9,49910.85,141.79M,-0.54%
04/08/2025,50511,50388.55,50793.7,50030.8,162.26M,1.31%
04/07/2025,49860.1,49336.1,50426.25,49156.95,236.79M,-3.19%
04/04/2025,51502.7,51711.6,51893.6,51360.4,189.61M,-0.18%
04/03/2025,51597.35,50910,51661.6,50906.65,291.16M,0.49%
04/02/2025,51348.05,50966.9,51404.2,50908.35,149.91M,1.02%
04/01/2025,50827.5,51178.15,51683.85,50742,176.32M,-1.43%
03/28/2025,51564.85,51608.4,51839.1,51335.35,171.15M,-0.02%
03/27/2025,51575.85,51084.7,51714.35,51050.85,415.77M,0.72%
03/26/2025,51209,51640.05,51875.8,51069.15,152.90M,-0.77%
03/25/2025,51607.95,51874.2,52063.95,51429.6,185.20M,-0.19%
03/24/2025,51704.95,50982.7,51801.15,50795.9,180.44M,2.20%
03/21/2025,50593.55,49927.1,50672.15,49891.95,225.50M,1.06%
03/20/2025,50062.85,49947.6,50155.3,49771.65,115.74M,0.72%
03/19/2025,49702.6,49375.4,49807.55,49324.8,137.64M,0.79%
03/18/2025,49314.5,48792.9,49400.3,48629.45,146.55M,1.99%
03/17/2025,48354.15,48219.55,48481.35,48196.1,131.27M,0.61%
03/13/2025,48060.4,48219.15,48352.45,48006.1,145.86M,0.01%
03/12/2025,48056.65,47894.4,48222.15,47844.95,243.28M,0.42%
03/11/2025,47853.95,47874.8,48029.05,47702.9,222.38M,-0.75%
03/10/2025,48216.8,48312,48599.15,48124.65,123.77M,-0.58%
03/07/2025,48497.5,48463.8,48709.05,48359.35,106.04M,-0.27%
03/06/2025,48627.7,48760,48839.1,48299.4,137.39M,0.28%
03/05/2025,48489.95,48241.3,48657.65,48190.25,127.80M,0.51%
03/04/2025,48245.2,47942.5,48374.9,47924.75,139.30M,0.27%
03/03/2025,48114.3,48478.6,48574.7,47841.3,151.03M,-0.48%
02/28/2025,48344.7,48437.55,48574.5,48078.7,287.72M,-0.82%
02/27/2025,48743.8,48732.2,48972.55,48627.1,186.73M,0.28%
02/25/2025,48608.35,48691.2,48862.15,48534.15,106.65M,-0.09%
02/24/2025,48651.95,48619.8,48748.4,48281.9,95.75M,-0.67%
02/21/2025,48981.2,49127.95,49306.55,48764,95.35M,-0.72%
02/20/2025,49334.55,49314.1,49455.8,49150.95,111.96M,-0.48%
02/19/2025,49570.1,48895.35,49628.25,48804,113.25M,0.98%
02/18/2025,49087.3,49211.85,49328.55,48814.95,107.78M,-0.35%
02/17/2025,49258.9,48880.4,49319,48525.6,114.81M,0.32%
02/14/2025,49099.45,49485.65,49592.95,48719.75,130.64M,-0.53%
02/13/2025,49359.85,49469.35,49836.1,49276.1,118.61M,-0.24%
02/12/2025,49479.45,49402.25,49702.35,48734.35,136.47M,0.15%
02/11/2025,49403.4,49812.15,49906.75,49177.4,127.02M,-1.16%
02/10/2025,49981,50052.5,50155.65,49703.1,98.42M,-0.35%
02/07/2025,50158.85,50484.45,50641.75,49871.15,178.73M,-0.44%
02/06/2025,50382.1,50468.35,50553.35,50149.8,158.40M,0.08%
02/05/2025,50343.05,50402.3,50522.15,50215.45,148.95M,0.37%
02/04/2025,50157.95,49538.8,50206.6,49482.5,155.66M,1.93%
02/03/2025,49210.55,49074.8,49373.45,48906.05,122.89M,-0.60%
02/01/2025,49506.95,49592.55,50009.5,48925.45,118.01M,-0.16%
01/31/2025,49587.2,49259.65,49674.8,49031.8,232.02M,0.56%
01/30/2025,49311.95,49206.2,49426.2,49031.8,197.91M,0.30%
01/29/2025,49165.95,48997.2,49199.65,48849.8,177.17M,0.61%
01/28/2025,48866.85,48642.5,49247.15,48449.05,299.94M,1.67%
01/27/2025,48064.65,47881.65,48319.2,47844.15,271.81M,-0.63%
01/24/2025,48367.8,48546.05,48858.65,48203,139.95M,-0.46%
01/23/2025,48589,48770.15,48892.7,48493,124.57M,-0.28%
01/22/2025,48724.4,48689.55,48781.75,48074.05,151.68M,0.32%
01/21/2025,48570.9,49532,49543.15,48430.95,134.69M,-1.58%
01/20/2025,49350.8,48834.15,49650.6,48683.6,173.12M,1.67%
01/17/2025,48540.6,48959.5,49047.2,48309.5,130.60M,-1.50%
01/16/2025,49278.7,49082.9,49459,49038.45,146.73M,1.08%
01/15/2025,48751.7,48832.75,49083.65,48522.4,145.11M,0.05%
01/14/2025,48729.15,48266.9,49007.35,48235.2,151.92M,1.43%
01/13/2025,48041.25,48264.25,48606.35,47898.35,168.78M,-1.42%
01/10/2025,48734.15,49426.5,49483.15,48631.2,142.39M,-1.55%
01/09/2025,49503.5,49712.55,49798.1,49230.15,136.38M,-0.67%
01/08/2025,49835.05,50201.75,50246.9,49389.75,131.18M,-0.73%
01/07/2025,50202.15,50061.2,50447.6,49969.3,103.83M,0.56%
01/06/2025,49922,50990.65,51026.1,49751,184.59M,-2.09%
01/03/2025,50988.8,51567.15,51671.6,50904.35,148.24M,-1.20%
01/02/2025,51605.55,51084.95,51672.75,50992.8,134.40M,1.07%
01/01/2025,51060.6,50841.9,51321.95,50485.05,81.13M,0.39%
12/31/2024,50860.2,50648.2,50945.55,50599.8,105.27M,-0.18%
12/30/2024,50952.75,51255.35,51979.75,50718.35,316.29M,-0.70%
12/27/2024,51311.3,51268.2,51628.45,51240.1,78.17M,0.27%
12/26/2024,51170.7,51395.8,51740,50951.8,91.27M,-0.12%
12/24/2024,51233,51314.95,51382.1,51137.5,112.05M,-0.16%
12/23/2024,51317.6,51044.4,51417.35,51030.4,110.85M,1.10%
12/20/2024,50759.2,51401.35,51629,50609.35,228.20M,-1.58%
12/19/2024,51575.7,51428.45,51789.85,51263.75,145.94M,-1.08%
12/18/2024,52139.55,52696.95,52827.6,52010.65,149.54M,-1.32%
12/17/2024,52834.8,53394.1,53515.7,52709.4,116.22M,-1.39%
12/16/2024,53581.35,53502.5,53738.9,53335,85.76M,0.00%
12/13/2024,53583.8,53109.8,53654,52264.55,139.91M,0.69%
12/12/2024,53216.45,53201,53537.45,53174.4,99.47M,-0.33%
12/11/2024,53391.35,53459.3,53648.05,53302.15,101.59M,-0.35%
12/10/2024,53577.7,53450.05,53624.05,53302.65,121.84M,0.32%
12/09/2024,53407.75,53380.75,53775.1,53326.4,121.82M,-0.19%
12/06/2024,53509.5,53634.2,53868.5,53160.65,209.37M,-0.18%
12/05/2024,53603.55,53354.45,53888.3,52850.35,155.61M,0.63%
12/04/2024,53266.9,52775,53387.1,52685.15,228.58M,1.08%
12/03/2024,52695.75,52357.95,52780.9,52216.85,173.56M,1.13%
12/02/2024,52109,52087.65,52197.25,51693.95,102.50M,0.10%
11/29/2024,52055.6,51984.15,52170.9,51759.45,139.63M,0.29%
11/28/2024,51906.85,52389.95,52760.2,51782.9,172.03M,-0.76%
11/27/2024,52301.8,52154.3,52444.35,52019.65,151.59M,0.21%
11/26/2024,52191.5,52554.9,52555.5,51999.75,113.12M,-0.03%
11/25/2024,52207.5,52046.35,52331.1,51774.05,458.46M,2.10%
11/22/2024,51135.4,50512.8,51271.5,50508.25,183.38M,1.51%
11/21/2024,50372.9,50625,50652.15,49787.1,254.62M,-0.50%
11/19/2024,50626.5,50580.55,50983.5,50440.85,185.76M,0.52%
11/18/2024,50363.8,50312.45,50445.8,50074,161.53M,0.37%
11/14/2024,50179.55,50053.45,50561.8,49939.35,133.89M,0.18%
11/13/2024,50088.35,51030.95,51353.5,49904.4,207.05M,-2.09%
11/12/2024,51157.8,52053.75,52169.05,51006.85,131.42M,-1.39%
11/11/2024,51876.75,51562.7,52177.7,51294.2,160.69M,0.61%
11/08/2024,51561.2,51869.15,52007.15,51494,157.23M,-0.68%
11/07/2024,51916.5,52258.95,52377.25,51752.25,160.48M,-0.77%
11/06/2024,52317.4,52440.4,52493.95,52185.4,219.10M,0.21%
11/05/2024,52207.25,51052.6,52289.55,50865.45,244.98M,1.94%
11/04/2024,51215.25,51764.5,51764.5,51066.8,320.47M,-0.89%
11/01/2024,51673.9,51550.15,51825.5,51459.4,51.35M,0.39%
10/31/2024,51475.35,51649.45,52005.6,51318.1,319.91M,-0.64%
10/30/2024,51807.5,51988.7,52220,51733,247.66M,-0.98%
10/29/2024,52320.7,51404.1,52354.85,51278.9,374.63M,2.07%
10/28/2024,51259.3,51061.35,51589.15,51012.55,447.57M,0.93%
10/25/2024,50787.45,51369.75,51501.05,50382.1,271.74M,-1.44%
10/24/2024,51531.15,51272.3,51781.55,51201.85,171.82M,0.57%
10/23/2024,51239,51117.8,51551.55,51107.9,208.11M,-0.04%
10/22/2024,51257.15,52071.35,52257.3,51179.6,203.95M,-1.36%
10/21/2024,51962.7,52361.1,52577.5,51855.15,145.73M,-0.25%
10/18/2024,52094.2,51261,52199.45,51000.9,139.08M,1.57%
10/17/2024,51288.8,51849.3,51930.2,51150.25,107.82M,-0.99%
10/16/2024,51801.05,51711.2,52031.6,51711.2,94.42M,-0.20%
10/15/2024,51906,51975.95,52022.05,51698.75,101.41M,0.17%
10/14/2024,51816.9,51263.25,51893,51220.85,126.59M,1.26%
10/11/2024,51172.3,51491.9,51560,51005.85,109.42M,-0.70%
10/10/2024,51530.9,51195.7,51659.45,51047,123.69M,1.03%
10/09/2024,51007,51161.75,51707.15,50903.75,310.00M,-0.03%
10/08/2024,51021,50736.1,51176.05,50466,153.21M,1.07%
10/07/2024,50478.9,51543.2,51784.8,50194.3,328.68M,-1.91%
10/04/2024,51462.05,51643.75,52358.35,51347.25,255.77M,-0.74%
10/03/2024,51845.2,52314.45,52582.95,51683.4,272.33M,-2.04%
10/01/2024,52922.6,52844,53235.25,52817.8,240.16M,-0.10%
09/30/2024,52978.1,53556.95,53726.4,52926.55,179.32M,-1.59%
09/27/2024,53834.3,54338.7,54338.7,53763.2,217.42M,-1.00%
09/26/2024,54375.35,54045.85,54467.35,54010.9,170.54M,0.51%
09/25/2024,54101.65,53794,54141.3,53792.85,184.56M,0.25%
09/24/2024,53968.6,54110.65,54247.7,53904.65,192.60M,-0.25%
09/23/2024,54105.8,53917.9,54197.95,53741.4,163.67M,0.58%
09/20/2024,53793.2,53235.8,54066.1,53037.6,271.88M,1.42%
09/19/2024,53037.6,52929.25,53353.3,52847.9,164.88M,0.54%
09/18/2024,52750.4,52177.1,52954.2,52154.55,205.13M,1.08%
09/17/2024,52188.65,52249.05,52284.6,52085.5,111.43M,0.07%
09/16/2024,52153.15,52038.7,52208.7,51921.45,93.78M,0.41%
09/13/2024,51938.05,51952.55,51994.1,51643.95,151.96M,0.32%
09/12/2024,51772.4,51271,51878.1,51025,127.90M,1.49%
09/11/2024,51010,51218.55,51420.15,50947.7,145.07M,-0.51%
09/10/2024,51272.3,51328.3,51366,50958.25,119.25M,0.30%
09/09/2024,51117.8,50549.25,51192.75,50369.4,172.39M,1.07%
09/06/2024,50576.85,51200.4,51380.05,50447.3,185.97M,-1.74%
09/05/2024,51473.05,51544.25,51636.75,51389.15,129.64M,0.14%
09/04/2024,51400.25,51364.65,51503.55,51259.9,159.70M,-0.56%
09/03/2024,51689.1,51479.75,51750.1,51240.05,127.20M,0.49%
09/02/2024,51439.55,51579.5,51579.5,51295.8,150.15M,0.17%
08/30/2024,51351,51437.45,51466.55,51256,478.57M,0.39%
08/29/2024,51152.75,51103.75,51368.95,50984.4,143.63M,0.02%
08/28/2024,51143.85,51208.95,51260.75,51033.7,128.09M,-0.26%
08/27/2024,51278.75,51214.05,51404.7,50938.1,111.42M,0.26%
08/26/2024,51148.1,51100.65,51317.85,51061.55,100.32M,0.42%
08/23/2024,50933.45,51040.05,51117.85,50856.7,88.48M,-0.10%
08/22/2024,50985.7,50894.8,51080,50794.45,133.06M,0.59%
08/21/2024,50685.55,50666.65,50772.45,50333.35,180.80M,-0.23%
08/20/2024,50803.15,50417.25,51025.6,50398.6,144.16M,0.86%
08/19/2024,50368.35,50683.55,50728.25,50283.55,115.32M,-0.29%
08/16/2024,50516.9,50133,50603.4,49806.05,130.69M,1.59%
08/14/2024,49727.3,49887.15,49959.25,49654.65,137.13M,-0.21%
08/13/2024,49831.85,50395.35,50559.25,49785.1,148.94M,-1.48%
08/12/2024,50577.95,50412.6,50830.7,50149.25,163.54M,0.19%
08/09/2024,50484.5,50612.1,50707.75,50386.45,120.15M,0.65%
08/08/2024,50156.7,50051.9,50440.75,49829.6,124.82M,0.08%
08/07/2024,50119,50286.2,50292.45,49782.2,170.99M,0.75%
08/06/2024,49748.3,50436.9,50688.8,49659.05,162.84M,-0.69%
08/05/2024,50092.1,50586.25,50747.55,49719.1,257.77M,-2.45%
08/02/2024,51350.15,51172.25,51608.7,51087.85,162.97M,-0.41%
08/01/2024,51564,51672.6,51877.15,51456.2,156.35M,0.02%
07/31/2024,51553.4,51583.45,51663.1,51335.7,219.03M,0.11%
07/30/2024,51499.3,51383.9,51957.75,51260.05,235.23M,0.18%
07/29/2024,51406.25,51546.65,52340.25,51186.95,513.70M,0.22%
07/26/2024,51295.95,50456.1,51398.6,50438.3,215.68M,0.80%
07/25/2024,50888.75,50762.3,51006.1,50559.9,188.41M,-0.83%
07/24/2024,51317,51657.65,51944.65,50784.25,292.24M,-0.89%
07/23/2024,51778.3,52511,52547.55,51342.65,207.78M,-0.96%
07/22/2024,52280.4,52145.6,52427,51874.55,175.25M,0.03%
07/19/2024,52265.6,52531.55,52586.75,52146.3,134.14M,-0.67%
07/18/2024,52620.7,52215.05,52782.75,52168.65,139.45M,0.43%
07/16/2024,52396.8,52466.7,52619.05,52331.6,158.80M,-0.11%
07/15/2024,52455.9,52330.05,52662.25,52154,186.15M,0.34%
07/12/2024,52278.9,52272.65,52794.55,52171.15,170.98M,0.02%
07/11/2024,52270.65,52316.9,52400.3,51749.45,138.31M,0.16%
07/10/2024,52189.3,52528.8,52528.8,52075.4,228.02M,-0.72%
07/09/2024,52568.8,52390.5,52626.6,52292.95,145.06M,0.27%
07/08/2024,52425.8,52533.1,52710.8,52246.7,158.00M,-0.45%
07/05/2024,52660.35,52560.1,52817.85,52290.05,199.57M,-0.83%
07/04/2024,53103.7,53357.7,53357.7,52815.9,163.67M,0.03%
07/03/2024,53089.25,52872.3,53256.7,52482.65,332.40M,1.77%
07/02/2024,52168.1,52793.75,52828.45,51996.65,194.68M,-0.77%
07/01/2024,52574.75,52351.15,52656.15,52166.05,139.06M,0.44%
06/28/2024,52342.25,52874.95,53030.3,52242.3,244.63M,-0.89%
06/27/2024,52811.3,52980.3,53180.75,52639,332.89M,-0.11%
06/26/2024,52870.5,52653.2,52988.3,52373.7,214.29M,0.50%
06/25/2024,52606,51759.45,52746.5,51747.65,204.03M,1.74%
06/24/2024,51703.95,51280.25,51783.95,51138.9,176.61M,0.08%
06/21/2024,51661.45,51927.3,51934.35,51224.95,289.44M,-0.24%
06/20/2024,51783.25,51712.9,51842.2,51281.5,235.94M,0.75%
06/19/2024,51398.05,50607.9,51957,50441.75,435.31M,1.90%
06/18/2024,50440.9,50194.35,50562.15,49900.2,189.24M,0.88%
06/14/2024,50002,49993.95,50102.6,49693.35,154.98M,0.31%
06/13/2024,49846.7,50179,50186.45,49799.65,125.68M,-0.10%
06/12/2024,49895.1,49857.45,50233.4,49697.35,211.73M,0.38%
06/11/2024,49705.75,49751.2,49970.3,49530.45,128.46M,-0.15%
06/10/2024,49780.9,49808.15,50252.95,49622.75,195.78M,-0.04%
06/07/2024,49803.2,49316.95,49943.2,49080.45,170.27M,1.04%
06/06/2024,49291.9,49426.4,49672.75,48906.75,250.40M,0.48%
06/05/2024,49054.6,47486.6,49362.9,46446.8,546.76M,4.53%
06/04/2024,46928.6,50667.05,50667.05,46077.85,653.14M,-7.95%
06/03/2024,50979.95,50889.85,51133.2,50092.65,453.25M,4.07%
05/31/2024,48983.95,48895.15,49122.55,48569.05,303.63M,0.62%
05/30/2024,48682.35,48313.6,49044.6,48313.6,151.04M,0.37%
05/29/2024,48501.35,48786.7,49022.6,48401.55,183.59M,-1.30%
05/28/2024,49142.15,49390.9,49511.15,49043.65,155.17M,-0.28%
05/27/2024,49281.8,49105.9,49688.85,49051.25,226.53M,0.63%
05/24/2024,48971.65,48668,49052.95,48644.8,135.01M,0.42%
05/23/2024,48768.6,47899.35,48829.7,47873.15,184.46M,2.06%
05/22/2024,47781.95,48113.9,48114.05,47435.25,204.87M,-0.55%
05/21/2024,48048.2,47927.1,48259.75,47927.1,166.75M,-0.31%
05/18/2024,48199.5,48197.3,48222.35,48108.15,19.23M,0.17%
05/17/2024,48115.65,47842.95,48188.65,47758.8,143.82M,0.29%
05/16/2024,47977.05,47945.85,48052.9,47340.35,219.94M,0.61%
05/15/2024,47687.45,47923.1,47957.2,47534.5,188.78M,-0.36%
05/14/2024,47859.45,47748.85,47937.25,47607.85,151.96M,0.22%
05/13/2024,47754.1,47389.8,47841.6,46983.25,220.87M,0.70%
05/10/2024,47421.1,47555.5,47868.7,47313.35,218.85M,-0.14%
05/09/2024,47487.9,47976.35,48258.65,47440.65,272.91M,-1.11%
05/08/2024,48021.1,48124.2,48223.05,47851.15,286.04M,-0.55%
05/07/2024,48285.35,48965.05,49023.5,48213.75,230.31M,-1.25%
05/06/2024,48895.3,49174.55,49252.65,48784,340.19M,-0.06%
05/03/2024,48923.55,49375.05,49607.75,48659.7,222.96M,-0.62%
05/02/2024,49231.05,49262,49529.35,49123.6,291.86M,-0.34%
04/30/2024,49396.75,49477.1,49974.75,49249.9,402.87M,-0.06%
04/29/2024,49424.05,48359.9,49473.6,48342.7,327.13M,2.54%
04/26/2024,48201.05,48660,48679.65,48088.25,208.12M,-0.61%
04/25/2024,48494.95,47772.65,48625.45,47737.2,337.41M,0.63%
04/24/2024,48189,48120.9,48246.2,48028.7,112.16M,0.46%
04/23/2024,47970.45,48299.6,48302.7,47899.3,141.11M,0.10%
04/22/2024,47924.9,48145.7,48146.3,47628.45,177.72M,0.74%
04/19/2024,47574.15,46744.95,47668.7,46579.05,164.58M,1.07%
04/18/2024,47069.45,47592.7,47829.75,46982.15,186.37M,-0.87%
04/16/2024,47484.8,47436.7,47609,47316.55,186.07M,-0.60%
04/15/2024,47773.25,48057.5,48255.5,47725.8,197.12M,-1.63%
04/12/2024,48564.55,48671.2,48882.65,48477.55,207.99M,-0.86%
04/10/2024,48986.6,48879.55,49057.4,48669.25,247.07M,0.53%
04/09/2024,48730.55,48810.8,48960.75,48568.25,147.58M,0.31%
04/08/2024,48581.7,48586.75,48716.95,48424.65,263.38M,0.18%
04/05/2024,48493.05,48104.65,48557.4,47894.5,214.31M,0.90%
04/04/2024,48060.8,48086.2,48254.65,47712.7,324.27M,0.92%
04/03/2024,47624.25,47350.25,47676.95,47279.8,283.78M,0.17%
04/02/2024,47545.45,47490.75,47707.35,47408.55,183.40M,-0.07%
04/01/2024,47578.25,47391.05,47646.8,47373.1,134.09M,0.96%
03/28/2024,47124.6,46827.85,47440.45,46827.85,347.98M,0.72%
03/27/2024,46785.95,46643.45,46956.1,46643.45,285.05M,0.40%
03/26/2024,46600.2,46552.95,46788.35,46529.05,171.66M,-0.56%
03/22/2024,46863.75,46634.9,46974.15,46566.8,172.18M,0.38%
03/21/2024,46684.9,46674.85,46990.25,46570.15,150.39M,0.81%
03/20/2024,46310.9,46392.9,46655.55,45828.8,210.37M,-0.16%
03/19/2024,46384.8,46421.9,46602.35,46258.75,147.08M,-0.41%
03/18/2024,46575.9,46458.75,46739.25,46022.15,151.33M,-0.04%
03/15/2024,46594.1,46572.1,46802.55,46310.5,339.28M,-0.42%
03/14/2024,46789.95,46825.75,47231.5,46565.55,220.39M,-0.41%
03/13/2024,46981.3,47341.15,47468.7,46842.15,274.61M,-0.64%
03/12/2024,47282.4,47351.35,47812.75,46884.45,207.22M,-0.10%
03/11/2024,47327.85,47792.2,47853.8,47230.65,204.17M,-1.06%
03/07/2024,47835.8,48035.8,48071.7,47747.2,146.31M,-0.27%
03/06/2024,47965.4,47451.65,48161.25,47442.25,301.72M,0.81%
03/05/2024,47581,47265.7,47737.85,47196.75,176.91M,0.26%
03/04/2024,47456.1,47318.5,47529.6,47191.65,158.09M,0.34%
03/02/2024,47297.5,47377.45,47433.85,47237,12.24M,0.02%
03/01/2024,47286.9,46218,47342.25,46218,172.52M,2.53%
02/29/2024,46120.9,45881.45,46329.65,45661.75,544.73M,0.34%
02/28/2024,45963.15,46640.9,46754.55,45852.55,167.27M,-1.34%
02/27/2024,46588.05,46480.2,46722.25,46324.9,157.26M,0.02%
02/26/2024,46576.5,46615.85,46893.15,46513.55,223.68M,-0.50%
02/23/2024,46811.75,47060.7,47245.35,46723.15,200.52M,-0.23%
02/22/2024,46919.8,46934.55,47024.05,46426.85,177.18M,-0.21%
02/21/2024,47019.7,47363.4,47363.4,46886.95,198.95M,-0.16%
02/20/2024,47094.2,46444.9,47136.75,46367.8,171.89M,1.20%
02/19/2024,46535.5,46554.9,46717.4,46317.7,158.39M,0.32%
02/16/2024,46384.85,46454.3,46693.4,46264.4,291.38M,0.36%
02/15/2024,46218.9,46027.1,46297.7,45590.2,277.74M,0.68%
02/14/2024,45908.3,45014.65,46170.45,44860.75,279.95M,0.89%
02/13/2024,45502.4,45056.8,45750.4,44819.55,245.86M,1.38%
02/12/2024,44882.25,45664.3,45748.5,44633.85,268.82M,-1.65%
02/09/2024,45634.55,44986.75,45718.15,44859.15,275.98M,1.38%
02/08/2024,45012,45973.85,46181.2,44893.75,319.91M,-1.76%
02/07/2024,45818.5,45944.6,46062.85,45620.5,283.67M,0.28%
02/06/2024,45690.8,45891.2,45932.15,45527,178.59M,-0.29%
02/05/2024,45825.55,45962.25,46048.6,45615.1,265.91M,-0.32%
02/02/2024,45970.95,46568.2,46892.35,45901.25,337.04M,-0.47%
02/01/2024,46188.65,46164.9,46306.9,45668.35,305.72M,0.42%
01/31/2024,45996.8,45295.65,46179.75,45071.2,373.13M,1.39%
01/30/2024,45367.75,45481.5,45678.7,45206.05,232.11M,-0.16%
01/29/2024,45442.35,45171.5,45660.35,45110.9,336.78M,1.28%
01/25/2024,44866.15,45057.95,45139.05,44429,386.81M,-0.48%
01/24/2024,45082.4,44489.4,45485.5,44489.4,348.70M,0.15%
01/23/2024,45015.05,46495.45,46580.3,44886.1,422.62M,-2.26%
01/20/2024,46058.2,45989.25,46183.7,45640.9,157.20M,0.78%
01/19/2024,45701.15,46103.5,46249.85,45558.05,296.61M,-0.03%
01/18/2024,45713.55,45492.75,46184.05,45430.7,275.04M,-0.76%
01/17/2024,46064.45,46573.95,47212.75,45979.6,499.65M,-4.28%
01/16/2024,48125.1,48109.95,48305.4,48002.85,224.46M,-0.07%
01/15/2024,48158.3,47891.05,48248.05,47825.4,167.05M,0.94%
01/12/2024,47709.8,47572.7,47873.7,47408.5,191.64M,0.57%
01/11/2024,47438.35,47538.6,47662.1,47237,132.52M,0.16%
01/10/2024,47360.85,47073.85,47423.45,47010.8,165.16M,0.25%
01/09/2024,47242.65,47705.4,47939.3,47156.05,160.99M,-0.44%
01/08/2024,47450.25,48096.65,48154.5,47387.35,231.44M,-1.47%
01/05/2024,48159,48245.55,48381.95,47822.85,180.95M,-0.08%
01/04/2024,48195.85,47805.4,48281.2,47738.15,175.74M,1.03%
01/03/2024,47704.95,47796.3,47798.75,47481.35,233.35M,-0.12%
01/02/2024,47761.65,48194.8,48223.55,47689.8,183.18M,-0.98%
01/01/2024,48234.3,48203.45,48450,48044.15,146.86M,-0.12%
12/29/2023,48292.25,48374.85,48477.7,48091.85,173.99M,-0.45%
12/28/2023,48508.55,48479.05,48636.45,48343.15,391.09M,0.47%
12/27/2023,48282.2,47818.5,48347.65,47806.7,184.93M,1.17%
12/26/2023,47724.85,47576.4,47838.45,47411.65,118.75M,0.49%
12/22/2023,47491.85,47837.75,48071.4,47415.85,165.82M,-0.73%
12/21/2023,47840.15,47172.45,47932.4,46919.7,208.00M,0.83%
12/20/2023,47445.3,48085.35,48166.15,47202.65,242.49M,-0.89%
12/19/2023,47870.9,47940.4,48017,47646.05,189.79M,0.01%
12/18/2023,47867.7,48068.5,48076.6,47806.7,157.26M,-0.57%
12/15/2023,48143.55,47939.9,48219.95,47632.85,313.87M,0.86%
12/14/2023,47732.3,47567.65,47943.6,47510.85,193.09M,1.36%
12/13/2023,47092.25,47190.75,47201.95,46886.9,202.30M,-0.01%
12/12/2023,47097.55,47421.7,47454,47004.05,181.99M,-0.46%
12/11/2023,47314.25,47233.3,47588,47186.6,182.50M,0.11%
12/08/2023,47262,46797.2,47303.65,46793.9,218.25M,0.90%
12/07/2023,46841.4,46735.4,46927.7,46507.15,208.15M,0.01%
12/06/2023,46834.55,47256.75,47259.85,46750.2,244.25M,-0.38%
12/05/2023,47012.25,46895.9,47230.55,46653.65,326.06M,1.25%
12/04/2023,46431.4,45671.5,46484.45,45484.2,311.17M,3.61%
12/01/2023,44814.2,44580.15,44951.1,44531.75,204.93M,0.75%
11/30/2023,44481.75,44711.2,44764.8,44254.6,343.17M,-0.19%
11/29/2023,44566.45,44081.75,44630.35,44003.45,152.34M,1.56%
11/28/2023,43880.95,43851.55,43960.3,43739.8,151.25M,0.26%
11/24/2023,43769.1,43607.35,43806.5,43566.15,96.85M,0.44%
11/23/2023,43577.5,43452.75,43649.65,43451.35,72.28M,0.29%
11/22/2023,43449.6,43663.6,43692.5,43230.95,150.86M,-0.55%
11/21/2023,43689.15,43790.95,43790.95,43586.45,108.20M,0.24%
11/20/2023,43584.95,43591.5,43724,43450.05,124.32M,0.00%
11/17/2023,43583.95,43656.25,43872.85,43513.85,227.42M,-1.31%
11/16/2023,44161.55,44251.7,44420.95,44064.15,144.31M,-0.09%
11/15/2023,44201.7,44398.45,44408.55,44164.55,202.54M,0.71%
11/13/2023,43891.25,43915.1,43970.75,43681.4,169.60M,-0.24%
11/12/2023,43996.65,44054.5,44056,43916.6,26.54M,0.40%
11/10/2023,43820.1,43543.25,43908.7,43504.95,89.97M,0.31%
11/09/2023,43683.6,43626.1,43876.75,43542.65,108.89M,0.06%
11/08/2023,43658.65,43791.8,43797.55,43547.75,163.44M,-0.18%
11/07/2023,43737.9,43598.85,43799.35,43283.85,198.17M,0.27%
11/06/2023,43619.4,43627.75,43648.7,43415.2,149.91M,0.70%
11/03/2023,43318.25,43318.3,43416.1,43221,124.08M,0.70%
11/02/2023,43017.2,43018.7,43271.5,42796.45,144.71M,0.74%
11/01/2023,42700.95,42694.25,42815.15,42589.65,145.21M,-0.34%
10/31/2023,42845.95,43356.85,43356.85,42797.15,157.39M,-0.45%
10/30/2023,43039.15,42721.4,43112.5,42390.5,188.98M,0.60%
10/27/2023,42782,42555.6,42840.15,42482.75,213.87M,1.19%
10/26/2023,42280.15,42708.4,42716.2,42105.4,307.07M,-1.29%
10/25/2023,42832,43308.3,43397.45,42758.4,188.27M,-0.74%
10/23/2023,43151.2,43822.7,43831.3,43029.45,201.40M,-1.31%
10/20/2023,43723.05,43584.25,43877.5,43567.45,152.39M,-0.07%
10/19/2023,43754.5,43616.75,44058.8,43558.1,156.63M,-0.31%
10/18/2023,43888.7,44404.2,44412.5,43861.45,217.18M,-1.17%
10/17/2023,44409.5,44589.8,44589.85,44336.95,120.50M,0.42%
10/16/2023,44225.9,44204.75,44356.95,44044.4,140.42M,-0.14%
10/13/2023,44287.95,44322.05,44563.05,44203.7,169.91M,-0.70%
10/12/2023,44599.2,44571.55,44693.05,44530.05,112.11M,0.18%
10/11/2023,44516.9,44554.9,44710.55,44411.4,213.74M,0.35%
10/10/2023,44360.15,44027.55,44487.25,44004.55,175.26M,1.08%
10/09/2023,43886.5,44057.8,44113.2,43796.75,162.33M,-1.07%
10/06/2023,44360.6,44395.4,44500.7,44242.95,157.55M,0.33%
10/05/2023,44213.35,44181.35,44391.85,44108.3,243.40M,0.57%
10/04/2023,43964.05,44108.15,44161.35,43857.5,310.34M,-0.98%
10/03/2023,44399.05,44561.5,44566.3,44243.1,192.65M,-0.42%
09/29/2023,44584.55,44445.35,44755.05,44344.9,155.98M,0.64%
09/28/2023,44300.95,44700.35,44756.8,44248.2,389.94M,-0.64%
09/27/2023,44588.3,44465.9,44668,44182.5,221.85M,-0.08%
09/26/2023,44624.2,44722.5,44773.8,44532.45,188.45M,-0.32%
09/25/2023,44766.1,44615,44936.55,44400.9,266.51M,0.35%
09/22/2023,44612.05,44707.35,44996.75,44548.9,249.38M,-0.03%
09/21/2023,44623.85,45179.6,45276.8,44592.45,257.74M,-1.68%
09/20/2023,45384.6,45493.7,45745.15,45276.4,334.01M,-1.29%
09/18/2023,45979.85,46100.95,46252.95,45906.9,348.76M,-0.54%
09/15/2023,46231.5,46122.15,46310.4,46028.75,278.35M,0.50%
09/14/2023,46000.85,46013.3,46153.9,45801.5,238.57M,0.20%
09/13/2023,45909.45,45449.35,45990.5,45299.4,441.73M,0.87%
09/12/2023,45511.35,45893.8,45893.8,45322.55,271.36M,-0.13%
09/11/2023,45570.7,45340.8,45636.2,45231.3,228.14M,0.92%
09/08/2023,45156.4,44953.65,45383.35,44812.15,179.08M,0.62%
09/07/2023,44878.35,44418.05,44915.55,44341.2,169.14M,1.06%
09/06/2023,44409.1,44494.65,44577,44207.25,252.04M,-0.28%
09/05/2023,44532.15,44625.05,44668.7,44401.7,225.50M,-0.10%
09/04/2023,44578.3,44647.65,44656.05,44310.95,238.63M,0.32%
09/01/2023,44436.1,43996.1,44568.55,43830.75,320.78M,1.02%
08/31/2023,43989.15,44265.85,44399.65,43895.05,705.08M,-0.55%
08/30/2023,44232.6,44706.55,44779.65,44149.8,153.15M,-0.59%
08/29/2023,44495.25,44655.75,44673,44429.8,140.26M,0.00%
08/28/2023,44494.65,44253.65,44610.4,44201.45,162.97M,0.60%
08/25/2023,44231.45,44276.2,44359.1,43983.75,152.51M,-0.59%
08/24/2023,44496.2,44704.2,44949.9,44433.75,220.42M,0.04%
08/23/2023,44479.05,44064.5,44521.65,43952.05,212.38M,1.10%
08/22/2023,43993.25,44125,44151.3,43938.7,160.75M,-0.02%
08/21/2023,44002,43952.85,44113.8,43862,126.31M,0.34%
08/18/2023,43851.05,43724.75,43957.65,43672.45,167.58M,-0.09%
08/17/2023,43891.35,43897.25,44071.85,43745.1,266.37M,-0.13%
08/16/2023,43946.4,43726.25,44002.8,43600.35,159.01M,-0.33%
08/14/2023,44090.95,44066.6,44212.75,43776.9,172.33M,-0.24%
08/11/2023,44199.1,44568.15,44571.25,44120.9,196.90M,-0.77%
08/10/2023,44541.8,44797.65,44980.35,44418.4,232.04M,-0.76%
08/09/2023,44880.7,44973.45,44975,44533.75,177.28M,-0.19%
08/08/2023,44964.45,44888.95,45096.85,44817.85,229.41M,0.28%
08/07/2023,44837.5,44993.7,45011.35,44773.85,200.78M,-0.09%
08/04/2023,44879.5,44754.75,45118.05,44520.55,245.17M,0.82%
08/03/2023,44513.45,44862.85,45038.45,44279.4,245.77M,-1.07%
08/02/2023,44995.7,45234.65,45404.9,44720.9,233.60M,-1.31%
08/01/2023,45592.5,45740,45782.75,45471.05,175.24M,-0.13%
07/31/2023,45651.1,45546.35,45694.9,45359.75,247.86M,0.40%
07/28/2023,45468.1,45560.9,45727.75,45238.8,194.67M,-0.46%
07/27/2023,45679.3,46285.85,46310.1,45570.65,320.42M,-0.83%
07/26/2023,46062.35,45935.15,46096.6,45804.7,298.41M,0.47%
07/25/2023,45845,46154.7,46156.1,45622.85,228.15M,-0.17%
07/24/2023,45923.05,46131.9,46191.5,45858.75,225.84M,-0.33%
07/21/2023,46075.2,46063.95,46369.5,45925.9,235.59M,-0.24%
07/20/2023,46186.9,45689.05,46256.2,45640.95,315.18M,1.13%
07/19/2023,45669.3,45622.5,45707.4,45433,261.05M,0.57%
07/18/2023,45410.85,45754.8,45905.85,45281.3,307.33M,-0.09%
07/17/2023,45449.75,44951.2,45556.45,44695.05,245.93M,1.41%
07/14/2023,44819.3,44860.65,44923.85,44547.8,196.33M,0.35%
07/13/2023,44665.05,45009.3,45085.15,44612.2,336.82M,0.06%
07/12/2023,44639.45,44872.6,44937.25,44562.4,233.08M,-0.24%
07/11/2023,44745.05,44998,45139.55,44663.05,208.99M,-0.26%
07/10/2023,44860.85,44958.65,45184.3,44721.9,220.87M,-0.14%
07/07/2023,44925,45118.05,45227.25,44844.8,220.93M,-0.92%
07/06/2023,45339.9,45060.55,45417.5,45042.6,244.92M,0.42%
07/05/2023,45151.8,45169.7,45418.9,45073.4,366.29M,-0.33%
07/04/2023,45301.45,45310.55,45655.5,45000.25,462.97M,0.32%
07/03/2023,45158.1,44957.95,45353.2,44882.1,228.17M,0.92%
06/30/2023,44747.35,44666,44787.1,44447.2,191.26M,0.95%
06/28/2023,44327.8,44419.5,44508.4,44163.2,243.83M,0.47%
06/27/2023,44121.5,43804.55,44194.65,43693.15,137.30M,1.10%
06/26/2023,43641.05,43714.75,43773.1,43541.75,120.69M,0.04%
06/23/2023,43622.9,43641.6,43824.1,43519.55,161.31M,-0.23%
06/22/2023,43724.85,43874.8,44042.15,43663.35,263.76M,-0.31%
06/21/2023,43859.2,43894.4,43946.7,43698.95,179.99M,0.21%
06/20/2023,43766.5,43597.55,43823.95,43345.95,161.88M,0.30%
06/19/2023,43633.75,44015.3,44040.35,43501.4,234.90M,-0.69%
06/16/2023,43938.15,43583.35,44083.25,43536.95,234.69M,1.14%
06/15/2023,43443.6,44054.35,44077.45,43397.5,228.18M,-1.24%
06/14/2023,43988,44181.65,44212.35,43956.15,154.60M,-0.21%
06/13/2023,44079.85,43889.7,44138.15,43889.7,160.05M,0.31%
06/12/2023,43944.2,44035.2,44124.95,43874.05,91.41M,-0.10%
06/09/2023,43989,44045.75,44220.1,43932.6,132.31M,-0.01%
06/08/2023,43995.25,44208.3,44459.25,43917.9,160.16M,-0.63%
06/07/2023,44275.3,44318.7,44346.3,44143.5,119.22M,0.25%
06/06/2023,44164.55,44156.7,44236.2,44009.7,123.56M,0.14%
06/05/2023,44101.65,44103.25,44266.15,44074.2,124.51M,0.37%
06/02/2023,43937.85,43997.3,44088.9,43812.55,123.85M,0.34%
06/01/2023,43790.2,44172.05,44179.95,43706.15,182.95M,-0.77%
05/31/2023,44128.15,44318,44339.05,43822.7,305.75M,-0.69%
05/30/2023,44436.35,44277.35,44498.6,44207.5,157.59M,0.28%
05/29/2023,44311.9,44276.8,44483.35,44193.95,148.58M,0.67%
05/26/2023,44018,43765.35,44067.6,43588.8,143.22M,0.77%
05/25/2023,43681.4,43630.25,43719.85,43390.3,170.19M,0.01%
05/24/2023,43677.85,43751.95,44010.45,43639.8,148.63M,-0.63%
05/23/2023,43954.45,43978.9,44095.25,43852.2,142.02M,0.16%
05/22/2023,43885.1,43935.3,44026.75,43684.9,183.78M,-0.19%
05/19/2023,43969.4,43930,44020.9,43531.9,192.04M,0.50%
05/18/2023,43752.3,44006.9,44079.2,43673.7,226.49M,0.12%
05/17/2023,43698.7,43948.5,43992.75,43446.4,203.60M,-0.47%
05/16/2023,43903.7,44144.15,44144.15,43815.7,222.54M,-0.38%
05/15/2023,44072.1,43821.05,44151.7,43666.6,161.26M,0.64%
05/12/2023,43793.55,43447.15,43905.95,43347.75,144.94M,0.73%
05/11/2023,43475.3,43535.1,43774.25,43367.25,190.69M,0.33%
05/10/2023,43331.05,43275.25,43383.65,42822.15,249.13M,0.31%
05/09/2023,43198.15,43438.55,43533.25,43125.85,228.99M,-0.20%
05/08/2023,43284,42796.85,43418.55,42780.3,223.35M,1.46%
05/05/2023,42661.2,43110.65,43588,42582.2,251.22M,-2.34%
05/04/2023,43685.45,43236.1,43739.8,43213.95,175.45M,0.86%
05/03/2023,43312.7,43154.85,43354.95,43078.15,175.91M,-0.09%
05/02/2023,43352.1,43395.05,43483.85,43269.4,241.57M,0.27%
04/28/2023,43233.9,43045.5,43302.05,42810.35,238.72M,0.54%
04/27/2023,43000.85,42753.9,43043.4,42736.6,181.35M,0.40%
04/26/2023,42829.9,42559.05,42875.6,42432.25,177.95M,0.35%
04/25/2023,42678.5,42731.6,42865.55,42601.5,262.42M,0.10%
04/24/2023,42635.75,42469.95,42714.15,42269.1,201.02M,1.23%
04/21/2023,42118,42252.55,42382.15,41962.35,144.15M,-0.36%
04/20/2023,42269.5,42218.5,42378.15,42108.85,180.25M,0.27%
04/19/2023,42154,42280.1,42339.9,42022.15,169.98M,-0.26%
04/18/2023,42265.2,42406.95,42500.7,42114.35,214.19M,0.01%
04/17/2023,42262.55,42603.55,42603.55,41799,229.08M,0.31%
04/13/2023,42132.55,41680.1,42196.2,41502.65,232.56M,1.38%
04/12/2023,41557.95,41426,41610.15,41332,142.99M,0.46%
04/11/2023,41366.5,41232,41403.25,40990.2,219.24M,1.30%
04/10/2023,40834.65,41116.15,41139.85,40727.25,153.86M,-0.50%
04/06/2023,41041,40940.7,41274.7,40820.55,196.45M,0.10%
04/05/2023,40999.15,40972.3,41071.15,40802.65,177.38M,0.46%
04/03/2023,40813.05,40695.8,40857.6,40535.9,167.45M,0.50%
03/31/2023,40608.65,40231.25,40690.4,40180.2,188.00M,1.75%
03/29/2023,39910.15,39611.55,40055,39609.55,259.64M,0.86%
03/28/2023,39567.9,39545.05,39645.2,39326.1,202.32M,0.35%
03/27/2023,39431.3,39484.7,39695.2,39273.75,194.16M,0.09%
03/24/2023,39395.35,39555.25,39767.9,39294.9,166.14M,-0.56%
03/23/2023,39616.9,39836.15,40201.6,39552.5,153.17M,-0.96%
03/22/2023,39999.05,40036,40085.6,39837.8,58.88B,0.26%
03/21/2023,39894.7,39599.65,39970.9,39366.3,187.94M,1.35%
03/20/2023,39361.95,39512.1,39512.1,38941.9,173.82M,-0.60%
03/17/2023,39598.1,39442.4,39705.15,38926.8,173.39M,1.19%
03/16/2023,39132.6,39061.7,39381.4,38613.15,196.31M,0.21%
03/15/2023,39051.5,39777.9,39914.1,38934.65,164.31M,-0.91%
03/14/2023,39411.4,39522.4,39768.5,39132.6,205.73M,-0.39%
03/13/2023,39564.7,40356.1,40690.05,39454.6,174.46M,-2.27%
03/10/2023,40485.45,40805.25,40839,40341.7,145.26M,-1.87%
03/09/2023,41256.75,41532.65,41659,41208.1,119.23M,-0.77%
03/08/2023,41577.1,41178.35,41625.35,41100.35,157.57M,0.55%
03/06/2023,41350.4,41418.4,41671.2,41259.15,180.16M,0.24%
03/03/2023,41251.35,40671.4,41390.15,40605.35,213.84M,2.13%
03/02/2023,40389.8,40604.55,40773.25,40312.9,149.21M,-0.76%
03/01/2023,40698.15,40473.85,40725.35,40341.95,169.75M,1.07%
02/28/2023,40269.05,40302.7,40391.45,40073,327.75M,-0.09%
02/27/2023,40307.1,39820.4,40371.45,39745.4,165.15M,1.00%
02/24/2023,39909.4,40259.1,40348.1,39818.9,144.56M,-0.23%
02/23/2023,40001.55,39983.7,40147.8,39600.25,200.50M,0.01%
02/22/2023,39995.9,40494.15,40529.25,39899,155.20M,-1.67%
02/21/2023,40673.6,40784.9,40946.2,40508.25,170.24M,-0.07%
02/20/2023,40701.7,41221.55,41292.6,40580.1,143.71M,-1.05%
02/17/2023,41131.75,41514,41516.3,40882.7,111.73M,-1.20%
02/16/2023,41631.35,41925.7,41979.1,41521.95,111.73M,-0.24%
02/15/2023,41731.05,41674.6,41795.45,41455.6,116.29M,0.20%
02/14/2023,41648.35,41410.45,41718,41195.75,143.11M,0.89%
02/13/2023,41282.2,41563.5,41662.55,41157.9,147.01M,-0.67%
02/10/2023,41559.4,41452.4,41678.9,41424.9,154.96M,0.01%
02/09/2023,41554.3,41634,41634,41252.95,142.93M,0.04%
02/08/2023,41537.65,41542.05,41791.95,41403.05,136.47M,0.11%
02/07/2023,41490.95,41513.1,41630.75,41095.1,171.89M,0.28%
02/06/2023,41374.65,41530.15,41724.5,41261.2,197.82M,-0.30%
02/03/2023,41499.7,41019.35,41539.95,40609.75,308.81M,2.04%
02/02/2023,40669.3,39943.35,40757.6,39761.45,348.47M,0.39%
02/01/2023,40513,41115,42015.65,39490.5,400.08M,-0.35%
01/31/2023,40655.05,40563.85,40811.65,40167.7,289.91M,0.66%
01/30/2023,40387.45,39856.15,40789.55,39419.8,369.85M,0.10%
01/27/2023,40345.3,41382.35,41417.9,40148.8,350.77M,-3.13%
01/25/2023,41647.65,42703.6,42733.05,41540.3,244.65M,-2.54%
01/24/2023,42733.45,42994.45,43078.9,42615.65,159.46M,-0.21%
01/23/2023,42821.25,42891.45,43005.85,42727.7,203.64M,0.74%
01/20/2023,42506.8,42516.05,42709.2,42366.15,159.10M,0.42%
01/19/2023,42328.85,42416.3,42506.25,42234.9,143.43M,-0.30%
01/18/2023,42458,42271.8,42555.9,42119.65,170.54M,0.53%
01/17/2023,42235.05,42241.2,42383.8,41861.1,256.32M,0.16%
01/16/2023,42167.55,42622.5,42715.65,42066.55,312.32M,-0.48%
01/13/2023,42371.25,42171.25,42453.95,41885.6,205.54M,0.69%
01/12/2023,42082.25,42238.5,42343.5,41742.95,154.08M,-0.36%
01/11/2023,42232.7,42071.85,42318,41729,169.80M,0.52%
01/10/2023,42014.75,42642,42674.25,41835.75,179.30M,-1.33%
01/09/2023,42582.75,42404.85,42716.8,42186.55,161.81M,0.93%
01/06/2023,42188.8,42649.7,42685.9,41877,195.12M,-0.99%
01/05/2023,42608.7,43073.05,43137.55,42298.6,189.08M,-0.81%
01/04/2023,42958.8,43417.5,43578.4,42858.65,216.79M,-1.07%
01/03/2023,43425.25,43151.45,43482.8,43148.45,197.04M,0.51%
01/02/2023,43203.1,43038.25,43382.75,42961.75,179.81M,0.50%
12/30/2022,42986.45,43401.7,43422.95,42833.1,258.70M,-0.61%
12/29/2022,43252.35,42684.9,43498.05,42489.8,308.31M,0.99%
12/28/2022,42827.7,42733.6,43034.95,42694.85,230.53M,-0.07%
12/27/2022,42859.5,42827.75,42927.2,42394.15,229.63M,0.54%
12/26/2022,42630.15,41716.35,42846.15,41569.45,323.17M,2.31%
12/23/2022,41668.05,41951.35,42226.65,41597.65,332.59M,-1.75%
12/22/2022,42408.8,42864,42933.5,42231.35,344.82M,-0.49%
12/21/2022,42617.95,43525.75,43614.65,42363.8,279.42M,-1.71%
12/20/2022,43359.5,43152.65,43426.2,42955.4,182.31M,-0.12%
12/19/2022,43413.75,43346.35,43451.45,43110.3,175.57M,0.45%
12/16/2022,43219.5,43261.75,43598.2,43080.55,275.18M,-0.64%
12/15/2022,43498.2,43940.1,44120.6,43379.1,421.91M,-1.25%
12/14/2022,44049.1,44078.6,44151.8,43987.95,349.18M,0.23%
12/13/2022,43946.55,43793.7,43983.8,43767.75,276.98M,0.54%
12/12/2022,43708.75,43455.85,43767.05,43378.8,234.23M,0.17%
12/09/2022,43633.45,43765.3,43853.4,43361.7,443.55M,0.08%
12/08/2022,43596.85,43142.25,43640.9,43095.3,355.69M,1.16%
12/07/2022,43098.7,43157.35,43327.35,42948.45,242.86M,-0.09%
12/06/2022,43138.55,43093.9,43306.85,43076.4,379.22M,-0.45%
12/05/2022,43332.95,43269.35,43372.15,42985,242.58M,0.53%
12/02/2022,43103.75,42976.7,43131.9,42937.8,212.81M,-0.36%
12/01/2022,43260.65,43512.1,43515.05,43101.85,268.37M,0.07%
11/30/2022,43231,43122.75,43332.3,42880.05,201.98M,0.41%
11/29/2022,43053.45,42959.4,43279.6,42959.4,223.01M,0.08%
11/28/2022,43020.45,42757.2,43159.8,42740,238.68M,0.08%
11/25/2022,42983.95,43192.45,43339.15,42864.95,502.82M,-0.21%
11/24/2022,43075.4,42838.35,43163.4,42769.65,204.94M,0.81%
11/23/2022,42729.1,42668.55,42860.55,42556.4,359.10M,0.64%
11/22/2022,42457.05,42467.4,42508.75,42347.15,216.31M,0.26%
11/21/2022,42346.55,42286.95,42386.8,42202.55,259.08M,-0.21%
11/18/2022,42437.45,42545.75,42590.75,42223.7,280.08M,-0.05%
11/17/2022,42458.05,42399.65,42622.75,42366.55,165.40M,-0.18%
11/16/2022,42535.3,42371.8,42611.75,42296.3,185.44M,0.38%
11/15/2022,42372.7,42234.85,42450.05,42079.55,139.40M,0.70%
11/14/2022,42076.75,42177.55,42231.45,41965.45,142.69M,-0.14%
11/11/2022,42137.05,42163.4,42345.5,41918.1,255.37M,1.28%
11/10/2022,41603.75,41462.85,41643.9,41318.6,253.44M,-0.43%
11/09/2022,41783.2,41914.85,41948.9,41667.9,490.54M,0.23%
11/07/2022,41686.7,41740.65,41779.4,41337.05,393.37M,1.04%
11/04/2022,41258.45,41314.85,41516.2,41051.15,190.37M,-0.10%
11/03/2022,41298.35,40873.7,41478,40819.15,263.65M,0.37%
11/02/2022,41146.65,41472.6,41474.3,41060.45,175.82M,-0.35%
11/01/2022,41289.55,41552.4,41677.25,41188.55,304.37M,-0.04%
10/31/2022,41307.9,41265.7,41353.7,41106.1,237.16M,0.77%
10/28/2022,40990.85,41236.8,41482.4,40839.3,237.12M,-0.75%
10/27/2022,41299.3,41440.7,41511.8,41178.65,239.43M,0.43%
10/25/2022,41122.75,41513.65,41530.65,41021.45,351.84M,-0.44%
10/24/2022,41304.9,41348.35,41427.25,41201.15,74.34M,1.28%
10/21/2022,40784.05,40370.75,41032.25,40355.45,324.24M,1.71%
10/20/2022,40099.55,40149.5,40208.35,39848.85,262.76M,-0.68%
10/19/2022,40373.2,40556.65,40643.6,40195.2,232.91M,0.14%
10/18/2022,40318.75,40252.05,40435.35,40139.85,245.22M,1.00%
10/17/2022,39920.45,39295.6,39974.7,39146.7,201.58M,1.56%
10/14/2022,39305.6,39446.05,39570.85,39196.3,185.64M,1.76%
10/13/2022,38624,38957.65,39061.3,38437.95,158.94M,-1.26%
10/12/2022,39118.55,38784.2,39164.1,38606.4,195.83M,1.05%
10/11/2022,38712.45,39058.85,39174.95,38622.75,177.56M,-0.97%
10/10/2022,39093.1,38641.55,39315.7,38518.3,159.74M,-0.22%
10/07/2022,39178.05,39093.5,39235.05,38807.5,165.02M,-0.27%
10/06/2022,39282.85,39343.7,39608.35,39232.9,158.81M,0.44%
10/04/2022,39110.05,38700.4,39177.5,38596.9,241.10M,2.84%
10/03/2022,38029.65,38444.9,38641.6,37963.25,172.92M,-1.56%
09/30/2022,38631.95,37660,38811,37386.35,246.06M,2.61%
09/29/2022,37647.75,38092.85,38283.4,37536.65,253.01M,-0.30%
09/28/2022,37759.85,38081.25,38368.8,37626.2,210.59M,-1.56%
09/27/2022,38359.15,38811.7,39050.5,38184.9,168.71M,-0.67%
09/26/2022,38616.25,39027.85,39229.4,38492.2,241.82M,-2.35%
09/23/2022,39546.25,40429.35,40528.4,39412.7,226.22M,-2.67%
09/22/2022,40630.6,40889.05,41159.2,40360.2,209.51M,-1.39%
09/21/2022,41203.45,41282.6,41501.7,40889.15,151.27M,-0.64%
09/20/2022,41468.3,41304.15,41677.65,41207.3,175.20M,1.38%
09/19/2022,40904.4,40685.6,41184.25,40509.9,206.03M,0.31%
09/16/2022,40776.8,40977.2,41162.5,40502.05,244.19M,-1.05%
09/15/2022,41209.2,41533.7,41840.15,41153.5,245.31M,-0.47%
09/14/2022,41405.4,40308.8,41626.9,40288.9,218.41M,1.30%
09/13/2022,40873.1,40802.1,40904.3,40693.95,176.39M,0.74%
09/12/2022,40574,40540.45,40684.9,40377.9,146.98M,0.39%
09/09/2022,40415.7,40520.75,40685.95,40280.3,207.02M,0.51%
09/08/2022,40208.95,39763.9,40265.75,39706.4,203.81M,1.91%
09/07/2022,39455.9,39337.75,39572.05,39258.25,138.91M,-0.53%
09/06/2022,39666.5,39892.95,40073.75,39564.3,210.17M,-0.35%
09/05/2022,39805.75,39412.05,39865.2,39407.4,214.15M,0.98%
09/02/2022,39421,39422.3,39595.85,39200.45,133.87M,0.30%
09/01/2022,39301.25,38806.7,39667.65,38803.3,191.20M,-0.60%
